as_org,asset_tag,banner,base_protocol,body,cert_sha256,city,company,component,country,domain,header,header_server,icp_exception,ip,ip_tag,is_risk_protocol,is_web,isp,number,os,port,protocol,province,ssl_certificate,status_code,updated_at,url,vul_list,web_title,whois
"Hangzhou Alibaba Advertising Co.,Ltd.",,"HTTP/1.1 200 
Server: nginx/1.6.2
Date: Fri, 08 May 2026 07:16:26 GMT
Content-Type: text/html;charset=utf-8
Content-Length: 8
Connection: keep-alive
Set-Cookie: JSESSIONID=16CE3222B4848DE88F3CC6A878619467; Path=/; HttpOnly


okKKKKK",tcp,"
okKKKKK",,深圳市,北京四海方舟国际旅行社有限公司,"[{""name"": ""Java"", ""version"": """"}, {""name"": ""Nginx"", ""version"": ""1.6.2""}]",中国,push.fsark.cn,"HTTP/1.1 200 
Server: nginx/1.6.2
Date: Fri, 08 May 2026 07:17:18 GMT
Content-Type: text/html;charset=utf-8
Content-Length: 8
Connection: keep-alive
Set-Cookie: JSESSIONID=234CEA9857442AEF5238DB1FD3506E96; Path=/; HttpOnly
",nginx/1.6.2,,47.115.137.104,云厂商,否,是,阿里云,京ICP备2020042622号,,80,http,广东省,,200,2026-05-09,http://push.fsark.cn,"CVE-2017-20005,CVE-2019-20372,CVE-2016-0742,CVE-2016-0746,CVE-2016-0747,CVE-2016-4450,CVE-2016-1247,CVE-2018-16845,CVE-2017-7529",,"{'registrant_name': '北京四海方舟国际旅行社有限公司', 'registrant_org': '', 'registrant_email': '1195329343@qq.com', 'status': ['ok'], 'creation_date': '2020-11-02 17:12:44', 'expiry_date': '2026-11-02 17:12:44', 'updated_date': '', 'name_servers': ['dns19.hichina.com', 'dns20.hichina.com']}"
"Hangzhou Alibaba Advertising Co.,Ltd.",,"HTTP/1.1 502 Bad Gateway
Server: nginx/1.24.0
Date: Sat, 18 Apr 2026 01:51:56 GMT
Content-Type: text/html
Content-Length: 497
Connection: keep-alive
ETag: \""6555e7e3-1f1\""

<!DOCTYPE html>
<html>
<head>
<title>Error</title>
<style>
html { color-scheme: light dark; }
body { width: 35em; margin: 0 auto;
font-family: Tahoma, Verdana, Arial, sans-serif; }
</style>
</head>
<body>
<h1>An error occurred.</h1>
<p>Sorry, the page you are looking for is currently unavailable.<br/>
Please try again later.</p>
<p>If you are the system administrator of this resource then you should check
the error log for details.</p>
<p><em>Faithfully yours, nginx.</em></p>
</body>
</html>
",tcp,"


<!DOCTYPE html>
<html lang=""en"">
    <head>
        <meta charset=""UTF-8"" />
        <title>Apache Tomcat/8.5.51</title>
        <link href=""favicon.ico"" rel=""icon"" type=""image/x-icon"" />
        <link href=""favicon.ico"" rel=""shortcut icon"" type=""image/x-icon"" />
        <link href=""tomcat.css"" rel=""stylesheet"" type=""text/css"" />
    </head>

    <body>
        <div id=""wrapper"">
            <div id=""navigation"" class=""curved container"">
                <span id=""nav-home""><a href=""https://tomcat.apache.org/"">Home</a></span>
                <span id=""nav-hosts""><a href=""/docs/"">Documentation</a></span>
                <span id=""nav-config""><a href=""/docs/config/"">Configuration</a></span>
                <span id=""nav-examples""><a href=""/examples/"">Examples</a></span>
                <span id=""nav-wiki""><a href=""https://wiki.apache.org/tomcat/FrontPage"">Wiki</a></span>
                <span id=""nav-lists""><a href=""https://tomcat.apache.org/lists.html"">Mailing Lists</a></span>
                <span id=""nav-help""><a href=""https://tomcat.apache.org/findhelp.html"">Find Help</a></span>
                <br class=""separator"" />
            </div>
            <div id=""asf-box"">
                <h1>Apache Tomcat/8.5.51</h1>
            </div>
            <div id=""upper"" class=""curved container"">
                <div id=""congrats"" class=""curved container"">
                    <h2>If you're seeing this, you've successfully installed Tomcat. Congratulations!</h2>
                </div>
                <div id=""notice"">
                    <img src=""tomcat.png"" alt=""[tomcat logo]"" />
                    <div id=""tasks"">
                        <h3>Recommended Reading:</h3>
                        <h4><a href=""/docs/security-howto.html"">Security Considerations How-To</a></h4>
                        <h4><a href=""/docs/manager-howto.html"">Manager Application How-To</a></h4>
                        <h4><a href=""/docs/cluster-howto.html"">Clustering/Session Replication How-To</a></h4>
                    </div>
                </div>
                <div id=""actions"">
                    <div class=""button"">
                        <a class=""container shadow"" href=""/manager/status""><span>Server Status</span></a>
                    </div>
                    <div class=""button"">
                        <a class=""container shadow"" href=""/manager/html""><span>Manager App</span></a>
                    </div>
                    <div class=""button"">
                        <a class=""container shadow"" href=""/host-manager/html""><span>Host Manager</span></a>
                    </div>
                </div>
                <br class=""separator"" />
            </div>
            <div id=""middle"" class=""curved container"">
                <h3>Developer Quick Start</h3>
                <div class=""col25"">
                    <div class=""container"">
                        <p><a href=""/docs/setup.html"">Tomcat Setup</a></p>
                        <p><a href=""/docs/appdev/"">First Web Application</a></p>
                    </div>
                </div>
                <div class=""col25"">
                    <div class=""container"">
                        <p><a href=""/docs/realm-howto.html"">Realms &amp; AAA</a></p>
                        <p><a href=""/docs/jndi-datasource-examples-howto.html"">JDBC DataSources</a></p>
                    </div>
                </div>
                <div class=""col25"">
                    <div class=""container"">
                        <p><a href=""/examples/"">Examples</a></p>
                    </div>
                </div>
                <div class=""col25"">
                    <div class=""container"">
                        <p><a href=""https://wiki.apache.org/tomcat/Specifications"">Servlet Specifications</a></p>
                        <p><a href=""https://wiki.apache.org/tomcat/TomcatVersions"">Tomcat Versions</a></p>
                    </div>
                </div>
                <br class=""separator"" />
            </div>
            <div id=""lower"">
                <div id=""low-manage"" class="""">
                    <div class=""curved container"">
                        <h3>Managing Tomcat</h3>
                        <p>For security, access to the <a href=""/manager/html"">manager webapp</a> is restricted.
                        Users are defined in:</p>
                        <pre>$CATALINA_HOME/conf/tomcat-users.xml</pre>
                        <p>In Tomcat 8.5 access to the manager application is split between
                           different users. &nbsp; <a href=""/docs/manager-howto.html"">Read more...</a></p>
                        <br />
                        <h4><a href=""/docs/RELEASE-NOTES.txt"">Release Notes</a></h4>
                        <h4><a href=""/docs/changelog.html"">Changelog</a></h4>
                        <h4><a href=""https://tomcat.apache.org/migration.html"">Migration Guide</a></h4>
                        <h4><a href=""https://tomcat.apache.org/security.html"">Security Notices</a></h4>
                    </div>
                </div>
                <div id=""low-docs"" class="""">
                    <div class=""curved container"">
                        <h3>Documentation</h3>
                        <h4><a href=""/docs/"">Tomcat 8.5 Documentation</a></h4>
                        <h4><a href=""/docs/config/"">Tomcat 8.5 Configuration</a></h4>
                        <h4><a href=""https://wiki.apache.org/tomcat/FrontPage"">Tomcat Wiki</a></h4>
                        <p>Find additional important configuration information in:</p>
                        <pre>$CATALINA_HOME/RUNNING.txt</pre>
                        <p>Developers may be interested in:</p>
                        <ul>
                            <li><a href=""https://tomcat.apache.org/bugreport.html"">Tomcat 8.5 Bug Database</a></li>
                            <li><a href=""/docs/api/index.html"">Tomcat 8.5 JavaDocs</a></li>
                            <li><a href=""https://github.com/apache/tomcat/tree/8.5.x"">Tomcat 8.5 Git Repository at GitHub</a></li>
                        </ul>
                    </div>
                </div>
                <div id=""low-help"" class="""">
                    <div class=""curved container"">
                        <h3>Getting Help</h3>
                        <h4><a href=""https://tomcat.apache.org/faq/"">FAQ</a> and <a href=""https://tomcat.apache.org/lists.html"">Mailing Lists</a></h4>
                        <p>The following mailing lists are available:</p>
                        <ul>
                            <li id=""list-announce""><strong><a href=""https://tomcat.apache.org/lists.html#tomcat-announce"">tomcat-announce</a><br />
                                Important announcements, releases, security vulnerability notifications. (Low volume).</strong>
                            </li>
                            <li><a href=""https://tomcat.apache.org/lists.html#tomcat-users"">tomcat-users</a><br />
                                User support and discussion
                            </li>
                            <li><a href=""https://tomcat.apache.org/lists.html#taglibs-user"">taglibs-user</a><br />
                                User support and discussion for <a href=""https://tomcat.apache.org/taglibs/"">Apache Taglibs</a>
                            </li>
                            <li><a href=""https://tomcat.apache.org/lists.html#tomcat-dev"">tomcat-dev</a><br />
                                Development mailing list, including commit messages
                            </li>
                        </ul>
                    </div>
                </div>
                <br class=""separator"" />
            </div>
            <div id=""footer"" class=""curved container"">
                <div class=""col20"">
                    <div class=""container"">
                        <h4>Other Downloads</h4>
                        <ul>
                            <li><a href=""https://tomcat.apache.org/download-connectors.cgi"">Tomcat Connectors</a></li>
                            <li><a href=""https://tomcat.apache.org/download-native.cgi"">Tomcat Native</a></li>
                            <li><a href=""https://tomcat.apache.org/taglibs/"">Taglibs</a></li>
                            <li><a href=""/docs/deployer-howto.html"">Deployer</a></li>
                        </ul>
                    </div>
                </div>
                <div class=""col20"">
                    <div class=""container"">
                        <h4>Other Documentation</h4>
                        <ul>
                            <li><a href=""https://tomcat.apache.org/connectors-doc/"">Tomcat Connectors</a></li>
                            <li><a href=""https://tomcat.apache.org/connectors-doc/"">mod_jk Documentation</a></li>
                            <li><a href=""https://tomcat.apache.org/native-doc/"">Tomcat Native</a></li>
                            <li><a href=""/docs/deployer-howto.html"">Deployer</a></li>
                        </ul>
                    </div>
                </div>
                <div class=""col20"">
                    <div class=""container"">
                        <h4>Get Involved</h4>
                        <ul>
                            <li><a href=""https://tomcat.apache.org/getinvolved.html"">Overview</a></li>
                            <li><a href=""https://tomcat.apache.org/source.html"">Source Repositories</a></li>
                            <li><a href=""https://tomcat.apache.org/lists.html"">Mailing Lists</a></li>
                            <li><a href=""https://wiki.apache.org/tomcat/FrontPage"">Wiki</a></li>
                        </ul>
                    </div>
                </div>
                <div class=""col20"">
                    <div class=""container"">
                        <h4>Miscellaneous</h4>
                        <ul>
                            <li><a href=""https://tomcat.apache.org/contact.html"">Contact</a></li>
                            <li><a href=""https://tomcat.apache.org/legal.html"">Legal</a></li>
                            <li><a href=""https://www.apache.org/foundation/sponsorship.html"">Sponsorship</a></li>
                            <li><a href=""https://www.apache.org/foundation/thanks.html"">Thanks</a></li>
                        </ul>
                    </div>
                </div>
                <div class=""col20"">
                    <div class=""container"">
                        <h4>Apache Software Foundation</h4>
                        <ul>
                            <li><a href=""https://tomcat.apache.org/whoweare.html"">Who We Are</a></li>
                            <li><a href=""https://tomcat.apache.org/heritage.html"">Heritage</a></li>
                            <li><a href=""https://www.apache.org"">Apache Home</a></li>
                            <li><a href=""https://tomcat.apache.org/resources.html"">Resources</a></li>
                        </ul>
                    </div>
                </div>
                <br class=""separator"" />
            </div>
            <p class=""copyright"">Copyright &copy;1999-2026 Apache Software Foundation.  All Rights Reserved</p>
        </div>
    </body>

</html>
",,深圳市,北京四海方舟国际旅行社有限公司,"[{""name"": ""Nginx"", ""version"": ""1.24.0""}, {""name"": ""Tomcat Default Page"", ""version"": """"}]",中国,jk.fsark.cn,"HTTP/1.1 200 
Date: Sat, 18 Apr 2026 01:53:57 GMT
Content-Type: text/html;charset=UTF-8
Connection: keep-alive
Vary: Accept-Encoding
Server: nginx/1.24.0
",nginx/1.24.0,,8.129.145.71,云厂商,否,是,阿里云,京ICP备2020042622号,,80,http,广东省,,200,2026-04-18,http://jk.fsark.cn,CVE-2025-23419,Apache Tomcat/8.5.51,"{'registrant_name': '北京四海方舟国际旅行社有限公司', 'registrant_org': '', 'registrant_email': '1195329343@qq.com', 'status': ['ok'], 'creation_date': '2020-11-02 17:12:44', 'expiry_date': '2026-11-02 17:12:44', 'updated_date': '', 'name_servers': ['dns19.hichina.com', 'dns20.hichina.com']}"
"Hangzhou Alibaba Advertising Co.,Ltd.",,"HTTP/1.1 200 
Server: nginx/1.6.2
Date: Tue, 14 Apr 2026 07:59:38 GMT
Content-Type: text/html;charset=utf-8
Content-Length: 8
Connection: keep-alive
Set-Cookie: JSESSIONID=91C1386F0E382F2129867DED91075E5C; Path=/; HttpOnly


okKKKKK",tcp,"
okKKKKK",,深圳市,北京四海方舟国际旅行社有限公司,"[{""name"": ""Java"", ""version"": """"}, {""name"": ""Nginx"", ""version"": ""1.6.2""}]",中国,api.fsark.cn,"HTTP/1.1 200 
Connection: keep-alive
Set-Cookie: JSESSIONID=CA184062CB4882F24600AC93DE215EB1; Path=/; HttpOnly
Server: nginx/1.6.2
Date: Tue, 14 Apr 2026 07:59:58 GMT
Content-Type: text/html;charset=utf-8
Content-Length: 8
",nginx/1.6.2,,39.108.101.92,云厂商,否,是,阿里云,京ICP备2020042622号,,80,http,广东省,,200,2026-04-14,http://api.fsark.cn,"CVE-2019-20372,CVE-2016-0742,CVE-2016-0747,CVE-2016-4450,CVE-2016-1247,CVE-2017-7529,CVE-2017-20005,CVE-2018-16845,CVE-2016-0746",,"{'registrant_name': '北京四海方舟国际旅行社有限公司', 'registrant_org': '', 'registrant_email': '1195329343@qq.com', 'status': ['ok'], 'creation_date': '2020-11-02 17:12:44', 'expiry_date': '2026-11-02 17:12:44', 'updated_date': '', 'name_servers': ['dns19.hichina.com', 'dns20.hichina.com']}"
